<?xml version="1.0" encoding="utf-8" ?>
<dwsync>
<file name="Mundos_Click.png" server="K:/Proyectos/E-Gaming/HardCore Games/Admin/WebSites/HardCoreSite/" local="130398951584062500" remote="130398951580000000" />
<file name="Mundos_Hover.png" server="K:/Proyectos/E-Gaming/HardCore Games/Admin/WebSites/HardCoreSite/" local="130398951222812500" remote="130398951220000000" />
<file name="Concursos_Click.png" server="K:/Proyectos/E-Gaming/HardCore Games/Admin/WebSites/HardCoreSite/" local="130398956314218750" remote="130398956310000000" />
<file name="Concursos_Hover.png" server="K:/Proyectos/E-Gaming/HardCore Games/Admin/WebSites/HardCoreSite/" local="130398957246718750" remote="130398957240000000" />
<file name="MiCuenta_Click.png" server="K:/Proyectos/E-Gaming/HardCore Games/Admin/WebSites/HardCoreSite/" local="130398961395625000" remote="130398961390000000" />
<file name="MiCuenta_Hover.png" server="K:/Proyectos/E-Gaming/HardCore Games/Admin/WebSites/HardCoreSite/" local="130398959605781250" remote="130398959600000000" />
<file name="LaPlaza_Click.png" server="K:/Proyectos/E-Gaming/HardCore Games/Admin/WebSites/HardCoreSite/" local="130398963809375000" remote="130398963800000000" />
<file name="LaPlaza_Hover.png" server="K:/Proyectos/E-Gaming/HardCore Games/Admin/WebSites/HardCoreSite/" local="130398964990468750" remote="130398964990000000" />
<file name="Comunidad_Click.png" server="K:/Proyectos/E-Gaming/HardCore Games/Admin/WebSites/HardCoreSite/" local="130398971164531250" remote="130398971160000000" />
<file name="Comunidad_Hover.png" server="K:/Proyectos/E-Gaming/HardCore Games/Admin/WebSites/HardCoreSite/" local="130398967767500000" remote="130398967760000000" />
<file name="Concursos_Normal.png" server="K:/Proyectos/E-Gaming/HardCore Games/Admin/WebSites/HardCoreSite/" local="130398956124375000" remote="130398956120000000" />
<file name="MiCuenta_Normal.png" server="K:/Proyectos/E-Gaming/HardCore Games/Admin/WebSites/HardCoreSite/" local="130398961167656250" remote="130398961160000000" />
<file name="LaPlaza_Normal.png" server="K:/Proyectos/E-Gaming/HardCore Games/Admin/WebSites/HardCoreSite/" local="130398963984062500" remote="130398963980000000" />
<file name="Comunidad_Normal.png" server="K:/Proyectos/E-Gaming/HardCore Games/Admin/WebSites/HardCoreSite/" local="130398971005781250" remote="130398971000000000" />
</dwsync>